class	target_folder	file	channels
AbstractTypeCoverageRule	TypeCoverage	docs/adr/0031-channel-shape-is-a-producer-property.md	docblock
AbstractTypeCoverageRule	TypeCoverage	docs/internal/generated/modular-architecture/production-cross-owner-imports.tsv	fqcn-string
AbstractTypeCoverageRule	TypeCoverage	docs/internal/generated/modular-architecture/production-ownership.tsv	fqcn-string+path
AbstractTypeCoverageRule	TypeCoverage	docs/internal/generated/modular-architecture/production-public-imports.tsv	fqcn-string+path
AbstractTypeCoverageRule	TypeCoverage	docs/internal/generated/suppression/composition.tsv	fqcn-string+path
AbstractTypeCoverageRule	TypeCoverage	docs/internal/modular-architecture-manifest.json	fqcn-string+path
AbstractTypeCoverageRule	TypeCoverage	docs/internal/plans/rule-vocabulary/PLAN.md	docblock
AbstractTypeCoverageRule	TypeCoverage	docs/internal/plans/rule-vocabulary/enumeration-level-authorities-raw.tsv	path
AbstractTypeCoverageRule	TypeCoverage	docs/internal/plans/rule-vocabulary/enumeration-override-consumers.tsv	path
AbstractTypeCoverageRule	TypeCoverage	docs/internal/plans/rule-vocabulary/enumeration-rule-category.tsv	bare-name
AbstractTypeCoverageRule	TypeCoverage	docs/internal/plans/rule-vocabulary/enumeration-step5-file-sets.tsv	path
AbstractTypeCoverageRule	TypeCoverage	docs/internal/plans/rule-vocabulary/enumeration-threshold-decision-sites.tsv	path
AbstractTypeCoverageRule	TypeCoverage	qmx.yaml	fqcn-string+path
AbstractTypeCoverageRule	TypeCoverage	src/Analysis/Evidence/Design/AbstractTypeCoverageRule.php	bare-name
AbstractTypeCoverageRule	TypeCoverage	src/Analysis/Evidence/Design/ParamTypeCoverageRule.php	bare-name
AbstractTypeCoverageRule	TypeCoverage	src/Analysis/Evidence/Design/PropertyTypeCoverageRule.php	bare-name
AbstractTypeCoverageRule	TypeCoverage	src/Analysis/Evidence/Design/README.md	docblock
AbstractTypeCoverageRule	TypeCoverage	src/Analysis/Evidence/Design/ReturnTypeCoverageRule.php	bare-name
AbstractTypeCoverageRule	TypeCoverage	src/Analysis/Finding/Contract/Rule/AbstractRule.php	docblock+fqcn-string
AbstractTypeCoverageRule	TypeCoverage	src/Analysis/Finding/Contract/Rule/RuleShapeReader.php	docblock+fqcn-string
AbstractTypeCoverageRule	TypeCoverage	tests/Analysis/Evidence/Design/Unit/TypeCoverageRuleTest.php	fqcn-string+import
AbstractTypeCoverageRule	TypeCoverage	tests/Analysis/Finding/Integration/ChannelUniverseCoverageTest.php	docblock
DataClassExclusionCheck	DataClass	docs/internal/generated/modular-architecture/production-cross-owner-imports.tsv	fqcn-string
DataClassExclusionCheck	DataClass	docs/internal/generated/modular-architecture/production-ownership.tsv	fqcn-string+path
DataClassExclusionCheck	DataClass	docs/internal/generated/modular-architecture/production-public-imports.tsv	fqcn-string+path
DataClassExclusionCheck	DataClass	docs/internal/modular-architecture-manifest.json	fqcn-string+path
DataClassExclusionCheck	DataClass	docs/internal/plans/rule-vocabulary/enumeration-step5-file-sets.tsv	path
DataClassExclusionCheck	DataClass	qmx.yaml	fqcn-string
DataClassExclusionCheck	DataClass	src/Analysis/Evidence/Design/DataClassExclusionCheck.php	bare-name
DataClassExclusionCheck	DataClass	src/Analysis/Evidence/Design/DataClassRule.php	bare-name
DataClassExclusionCheck	DataClass	src/Analysis/Evidence/Design/README.md	bare-name
DataClassExclusionCheck	DataClass	tests/Analysis/Evidence/Design/Integration/DataClassDetectionTest.php	fqcn-string+import
DataClassOptions	DataClass	docs/internal/generated/modular-architecture/production-class-string-targets.tsv	fqcn-string
DataClassOptions	DataClass	docs/internal/generated/modular-architecture/production-cross-owner-imports.tsv	fqcn-string
DataClassOptions	DataClass	docs/internal/generated/modular-architecture/production-ownership.tsv	fqcn-string+path
DataClassOptions	DataClass	docs/internal/generated/modular-architecture/production-public-imports.tsv	fqcn-string+path
DataClassOptions	DataClass	docs/internal/modular-architecture-manifest.json	fqcn-string+path
DataClassOptions	DataClass	docs/internal/plans/modular-architecture/p6/p6-relations-ledger.md	bare-name
DataClassOptions	DataClass	docs/internal/plans/rule-vocabulary/P1-configured-boundary.md	docblock
DataClassOptions	DataClass	docs/internal/plans/rule-vocabulary/PLAN.md	docblock
DataClassOptions	DataClass	docs/internal/plans/rule-vocabulary/enumeration-boundary-contract-implementors.tsv	fqcn-string+path
DataClassOptions	DataClass	docs/internal/plans/rule-vocabulary/enumeration-configured-boundary-population.tsv	bare-name
DataClassOptions	DataClass	docs/internal/plans/rule-vocabulary/enumeration-rules.tsv	bare-name
DataClassOptions	DataClass	docs/internal/plans/rule-vocabulary/enumeration-threshold-decision-shapes.tsv	bare-name
DataClassOptions	DataClass	docs/internal/plans/rule-vocabulary/enumeration-threshold-decision-sites.tsv	bare-name
DataClassOptions	DataClass	docs/internal/plans/rule-vocabulary/enumeration-threshold-directives.tsv	bare-name
DataClassOptions	DataClass	qmx-baseline.json	fqcn-string+path
DataClassOptions	DataClass	qmx.yaml	fqcn-string
DataClassOptions	DataClass	src/Analysis/Evidence/Design/DataClassExclusionCheck.php	bare-name
DataClassOptions	DataClass	src/Analysis/Evidence/Design/DataClassOptions.php	bare-name
DataClassOptions	DataClass	src/Analysis/Evidence/Design/DataClassRule.php	bare-name
DataClassOptions	DataClass	src/Analysis/Evidence/Design/README.md	bare-name
DataClassOptions	DataClass	src/Analysis/Finding/Contract/Rule/NoConfiguredBoundary.php	docblock
DataClassOptions	DataClass	tests/Analysis/Evidence/Design/Integration/DataClassDetectionTest.php	fqcn-string+import
DataClassOptions	DataClass	tests/Analysis/Evidence/Design/Unit/DataClassRuleTest.php	fqcn-string+import
DataClassOptions	DataClass	tests/Analysis/Finding/Integration/WarningBoundaryDeclarationTest.php	docblock+fqcn-string
DataClassOptions	DataClass	tests/Analysis/Policy/Inline/Integration/ThresholdAnnotationParserPathTest.php	fqcn-string+import
DataClassOptions	DataClass	tests/Analysis/Policy/Inline/Unit/ThresholdOverrideIntegrationTest.php	fqcn-string+import
DataClassRule	DataClass	docs/adr/0027-weight-of-class-measures-accessors-not-visibility.md	docblock
DataClassRule	DataClass	docs/adr/0038-an-options-class-names-its-own-warning-boundary.md	docblock
DataClassRule	DataClass	docs/internal/SCANNER_VALIDATION_ROUND_2_PLAN.md	docblock
DataClassRule	DataClass	docs/internal/generated/modular-architecture/production-class-string-targets.tsv	fqcn-string
DataClassRule	DataClass	docs/internal/generated/modular-architecture/production-cross-owner-imports.tsv	fqcn-string
DataClassRule	DataClass	docs/internal/generated/modular-architecture/production-extension-families.tsv	fqcn-string+path
DataClassRule	DataClass	docs/internal/generated/modular-architecture/production-ownership.tsv	fqcn-string+path
DataClassRule	DataClass	docs/internal/generated/modular-architecture/production-public-imports.tsv	fqcn-string+path
DataClassRule	DataClass	docs/internal/modular-architecture-manifest.json	fqcn-string+path
DataClassRule	DataClass	docs/internal/plans/modular-architecture/p6/p6-relations-ledger.md	bare-name
DataClassRule	DataClass	docs/internal/plans/rule-vocabulary/FOLLOWUPS.md	docblock
DataClassRule	DataClass	docs/internal/plans/rule-vocabulary/P1-configured-boundary.md	docblock
DataClassRule	DataClass	docs/internal/plans/rule-vocabulary/PLAN.md	docblock
DataClassRule	DataClass	docs/internal/plans/rule-vocabulary/enumeration-channel-shapes.tsv	path
DataClassRule	DataClass	docs/internal/plans/rule-vocabulary/enumeration-configured-boundary-population.tsv	docblock
DataClassRule	DataClass	docs/internal/plans/rule-vocabulary/enumeration-level-authorities-raw.tsv	path
DataClassRule	DataClass	docs/internal/plans/rule-vocabulary/enumeration-magnitude-levels.tsv	bare-name
DataClassRule	DataClass	docs/internal/plans/rule-vocabulary/enumeration-override-consumers.tsv	path
DataClassRule	DataClass	docs/internal/plans/rule-vocabulary/enumeration-rule-category.tsv	path
DataClassRule	DataClass	docs/internal/plans/rule-vocabulary/enumeration-rules.tsv	bare-name
DataClassRule	DataClass	docs/internal/plans/rule-vocabulary/enumeration-shape-consumers.tsv	path
DataClassRule	DataClass	docs/internal/plans/rule-vocabulary/enumeration-step5-file-sets.tsv	path
DataClassRule	DataClass	docs/internal/plans/rule-vocabulary/enumeration-threshold-decision-sites.tsv	path
DataClassRule	DataClass	docs/internal/plans/sarif-channel-descriptions.md	docblock
DataClassRule	DataClass	qmx.yaml	fqcn-string
DataClassRule	DataClass	src/Analysis/Evidence/Design/DataClassExclusionCheck.php	docblock
DataClassRule	DataClass	src/Analysis/Evidence/Design/DataClassOptions.php	docblock
DataClassRule	DataClass	src/Analysis/Evidence/Design/DataClassRule.php	bare-name
DataClassRule	DataClass	src/Analysis/Evidence/Design/README.md	docblock
DataClassRule	DataClass	src/Analysis/Evidence/Size/MethodCountMetrics.php	docblock+fqcn-string
DataClassRule	DataClass	src/Infrastructure/DependencyInjection/Configurator/DesignConfigurator.php	bare-name
DataClassRule	DataClass	tests/Analysis/Evidence/Design/Integration/DataClassDetectionTest.php	fqcn-string+import
DataClassRule	DataClass	tests/Analysis/Evidence/Design/Unit/DataClassRuleTest.php	fqcn-string+import
DataClassRule	DataClass	tests/Analysis/Policy/Inline/Integration/ThresholdAnnotationParserPathTest.php	fqcn-string+import
DataClassRule	DataClass	tests/Integration/DependencyInjection/ContainerFactoryTest.php	fqcn-string+import
DitGlobalCollector	Inheritance	docs/internal/COMPETITOR_COMPARISON.md	docblock
DitGlobalCollector	Inheritance	docs/internal/SCANNER_VALIDATION_ROUND_2_PLAN.md	bare-name
DitGlobalCollector	Inheritance	docs/internal/generated/modular-architecture/production-cross-owner-imports.tsv	fqcn-string
DitGlobalCollector	Inheritance	docs/internal/generated/modular-architecture/production-extension-families.tsv	fqcn-string+path
DitGlobalCollector	Inheritance	docs/internal/generated/modular-architecture/production-ownership.tsv	fqcn-string+path
DitGlobalCollector	Inheritance	docs/internal/generated/modular-architecture/production-phase-participants.tsv	path
DitGlobalCollector	Inheritance	docs/internal/generated/modular-architecture/production-public-imports.tsv	fqcn-string+path
DitGlobalCollector	Inheritance	docs/internal/modular-architecture-manifest.json	fqcn-string+path
DitGlobalCollector	Inheritance	docs/internal/plans/global-functions-graph.md	docblock
DitGlobalCollector	Inheritance	docs/internal/plans/modular-architecture/p2-dependency-model.md	bare-name
DitGlobalCollector	Inheritance	docs/internal/plans/rule-vocabulary/enumeration-level-typing.tsv	path
DitGlobalCollector	Inheritance	docs/internal/plans/rule-vocabulary/enumeration-producer-name-consumers-r2.tsv	bare-name
DitGlobalCollector	Inheritance	docs/internal/plans/rule-vocabulary/enumeration-step5-file-sets.tsv	path
DitGlobalCollector	Inheritance	qmx-baseline.json	fqcn-string+path
DitGlobalCollector	Inheritance	qmx.yaml	fqcn-string
DitGlobalCollector	Inheritance	scripts/generate-modular-architecture-production-inventory.php	path
DitGlobalCollector	Inheritance	src/Analysis/Evidence/DependencyModel/DependencyGraphBuilder.php	bare-name
DitGlobalCollector	Inheritance	src/Analysis/Evidence/Design/DitGlobalCollector.php	bare-name
DitGlobalCollector	Inheritance	src/Analysis/Evidence/Design/README.md	docblock
DitGlobalCollector	Inheritance	tests/Analysis/Evidence/Design/Unit/DitGlobalCollectorTest.php	fqcn-string+import
GodClassCriteriaEvaluator	GodClass	docs/internal/generated/modular-architecture/production-cross-owner-imports.tsv	fqcn-string
GodClassCriteriaEvaluator	GodClass	docs/internal/generated/modular-architecture/production-ownership.tsv	fqcn-string+path
GodClassCriteriaEvaluator	GodClass	docs/internal/generated/modular-architecture/production-public-imports.tsv	fqcn-string+path
GodClassCriteriaEvaluator	GodClass	docs/internal/modular-architecture-manifest.json	fqcn-string+path
GodClassCriteriaEvaluator	GodClass	docs/internal/plans/rule-vocabulary/enumeration-step5-file-sets.tsv	path
GodClassCriteriaEvaluator	GodClass	qmx.yaml	fqcn-string
GodClassCriteriaEvaluator	GodClass	src/Analysis/Evidence/Design/GodClassCriteriaEvaluator.php	bare-name
GodClassCriteriaEvaluator	GodClass	src/Analysis/Evidence/Design/GodClassCriterionResult.php	docblock
GodClassCriteriaEvaluator	GodClass	src/Analysis/Evidence/Design/GodClassRule.php	bare-name
GodClassCriteriaEvaluator	GodClass	src/Analysis/Evidence/Design/README.md	bare-name
GodClassCriterionResult	GodClass	docs/internal/generated/modular-architecture/production-ownership.tsv	fqcn-string+path
GodClassCriterionResult	GodClass	docs/internal/modular-architecture-manifest.json	fqcn-string+path
GodClassCriterionResult	GodClass	qmx.yaml	fqcn-string
GodClassCriterionResult	GodClass	src/Analysis/Evidence/Design/GodClassCriteriaEvaluator.php	bare-name
GodClassCriterionResult	GodClass	src/Analysis/Evidence/Design/GodClassCriterionResult.php	bare-name
GodClassCriterionResult	GodClass	src/Analysis/Evidence/Design/GodClassRule.php	bare-name
GodClassCriterionResult	GodClass	src/Analysis/Evidence/Design/README.md	bare-name
GodClassOptions	GodClass	docs/internal/generated/modular-architecture/production-class-string-targets.tsv	fqcn-string
GodClassOptions	GodClass	docs/internal/generated/modular-architecture/production-cross-owner-imports.tsv	fqcn-string
GodClassOptions	GodClass	docs/internal/generated/modular-architecture/production-ownership.tsv	fqcn-string+path
GodClassOptions	GodClass	docs/internal/generated/modular-architecture/production-public-imports.tsv	fqcn-string+path
GodClassOptions	GodClass	docs/internal/modular-architecture-manifest.json	fqcn-string+path
GodClassOptions	GodClass	docs/internal/plans/modular-architecture/p6/p6-relations-ledger.md	bare-name
GodClassOptions	GodClass	docs/internal/plans/rule-vocabulary/P1-configured-boundary.md	docblock
GodClassOptions	GodClass	docs/internal/plans/rule-vocabulary/PLAN.md	docblock
GodClassOptions	GodClass	docs/internal/plans/rule-vocabulary/enumeration-boundary-contract-implementors.tsv	fqcn-string+path
GodClassOptions	GodClass	docs/internal/plans/rule-vocabulary/enumeration-configured-boundary-population.tsv	bare-name
GodClassOptions	GodClass	docs/internal/plans/rule-vocabulary/enumeration-rules.tsv	bare-name
GodClassOptions	GodClass	docs/internal/plans/rule-vocabulary/enumeration-step5-file-sets.tsv	path
GodClassOptions	GodClass	docs/internal/plans/rule-vocabulary/enumeration-threshold-decision-shapes.tsv	bare-name
GodClassOptions	GodClass	docs/internal/plans/rule-vocabulary/enumeration-threshold-decision-sites.tsv	bare-name
GodClassOptions	GodClass	docs/internal/plans/rule-vocabulary/enumeration-threshold-directives.tsv	bare-name
GodClassOptions	GodClass	qmx-baseline.json	fqcn-string+path
GodClassOptions	GodClass	qmx.yaml	fqcn-string
GodClassOptions	GodClass	src/Analysis/Evidence/Design/GodClassCriteriaEvaluator.php	bare-name
GodClassOptions	GodClass	src/Analysis/Evidence/Design/GodClassOptions.php	bare-name
GodClassOptions	GodClass	src/Analysis/Evidence/Design/GodClassRule.php	bare-name
GodClassOptions	GodClass	src/Analysis/Evidence/Design/README.md	bare-name
GodClassOptions	GodClass	src/Analysis/Finding/Contract/Rule/NoConfiguredBoundary.php	docblock
GodClassOptions	GodClass	tests/Analysis/Evidence/Design/Unit/GodClassRuleTest.php	fqcn-string+import
GodClassOptions	GodClass	tests/Analysis/Finding/Integration/WarningBoundaryDeclarationTest.php	fqcn-string
GodClassOptions	GodClass	tests/Analysis/Policy/Baseline/Unit/BaselineCeilingStageAcceptanceTest.php	fqcn-string+import
GodClassOptions	GodClass	tests/Analysis/Policy/Inline/Integration/ThresholdAnnotationParserPathTest.php	fqcn-string+import
GodClassOptions	GodClass	tests/Analysis/Policy/Inline/Unit/ThresholdOverrideIntegrationTest.php	fqcn-string+import
GodClassRule	GodClass	docs/adr/0038-an-options-class-names-its-own-warning-boundary.md	docblock
GodClassRule	GodClass	docs/internal/SCANNER_VALIDATION_ROUND_2_PLAN.md	docblock
GodClassRule	GodClass	docs/internal/generated/modular-architecture/production-class-string-targets.tsv	fqcn-string
GodClassRule	GodClass	docs/internal/generated/modular-architecture/production-cross-owner-imports.tsv	fqcn-string
GodClassRule	GodClass	docs/internal/generated/modular-architecture/production-extension-families.tsv	fqcn-string+path
GodClassRule	GodClass	docs/internal/generated/modular-architecture/production-ownership.tsv	fqcn-string+path
GodClassRule	GodClass	docs/internal/generated/modular-architecture/production-public-imports.tsv	fqcn-string+path
GodClassRule	GodClass	docs/internal/modular-architecture-manifest.json	fqcn-string+path
GodClassRule	GodClass	docs/internal/plans/modular-architecture/p6/p6-relations-ledger.md	bare-name
GodClassRule	GodClass	docs/internal/plans/rule-vocabulary/FOLLOWUPS.md	docblock
GodClassRule	GodClass	docs/internal/plans/rule-vocabulary/P1-configured-boundary.md	docblock
GodClassRule	GodClass	docs/internal/plans/rule-vocabulary/PLAN.md	docblock
GodClassRule	GodClass	docs/internal/plans/rule-vocabulary/enumeration-channel-shapes.tsv	path
GodClassRule	GodClass	docs/internal/plans/rule-vocabulary/enumeration-configured-boundary-population.tsv	docblock
GodClassRule	GodClass	docs/internal/plans/rule-vocabulary/enumeration-level-authorities-raw.tsv	path
GodClassRule	GodClass	docs/internal/plans/rule-vocabulary/enumeration-magnitude-levels.tsv	bare-name
GodClassRule	GodClass	docs/internal/plans/rule-vocabulary/enumeration-override-consumers.tsv	path
GodClassRule	GodClass	docs/internal/plans/rule-vocabulary/enumeration-rule-category.tsv	path
GodClassRule	GodClass	docs/internal/plans/rule-vocabulary/enumeration-rules.tsv	bare-name
GodClassRule	GodClass	docs/internal/plans/rule-vocabulary/enumeration-shape-consumers.tsv	path
GodClassRule	GodClass	docs/internal/plans/rule-vocabulary/enumeration-step5-file-sets.tsv	path
GodClassRule	GodClass	docs/internal/plans/rule-vocabulary/enumeration-threshold-decision-sites.tsv	path
GodClassRule	GodClass	finding-gate/declared-delta.tsv	bare-name
GodClassRule	GodClass	qmx.yaml	fqcn-string
GodClassRule	GodClass	src/Analysis/Evidence/Design/GodClassCriteriaEvaluator.php	docblock
GodClassRule	GodClass	src/Analysis/Evidence/Design/GodClassOptions.php	docblock
GodClassRule	GodClass	src/Analysis/Evidence/Design/GodClassRule.php	bare-name
GodClassRule	GodClass	src/Analysis/Evidence/Design/README.md	docblock
GodClassRule	GodClass	src/Infrastructure/DependencyInjection/Configurator/DesignConfigurator.php	bare-name
GodClassRule	GodClass	tests/Analysis/Evidence/Design/Unit/GodClassRuleTest.php	fqcn-string+import
GodClassRule	GodClass	tests/Analysis/Policy/Baseline/Unit/BaselineCeilingStageAcceptanceTest.php	fqcn-string+import
GodClassRule	GodClass	tests/Analysis/Policy/Inline/Integration/ThresholdAnnotationParserPathTest.php	fqcn-string+import
GodClassRule	GodClass	tests/Integration/DependencyInjection/ContainerFactoryTest.php	fqcn-string+import
InheritanceClassInfo	Inheritance	docs/internal/SCANNER_VALIDATION_ROUND_2_PLAN.md	bare-name
InheritanceClassInfo	Inheritance	docs/internal/generated/modular-architecture/production-ownership.tsv	fqcn-string+path
InheritanceClassInfo	Inheritance	docs/internal/modular-architecture-manifest.json	fqcn-string+path
InheritanceClassInfo	Inheritance	docs/internal/plans/baseline-compaction/enumeration-identity-r4.md	docblock
InheritanceClassInfo	Inheritance	qmx.yaml	fqcn-string
InheritanceClassInfo	Inheritance	src/Analysis/Evidence/Design/InheritanceClassInfo.php	bare-name
InheritanceClassInfo	Inheritance	src/Analysis/Evidence/Design/InheritanceDepthVisitor.php	bare-name
InheritanceClassInfo	Inheritance	src/Analysis/Evidence/Design/README.md	bare-name
InheritanceDepthCollector	Inheritance	docs/internal/COMPETITOR_COMPARISON.md	bare-name
InheritanceDepthCollector	Inheritance	docs/internal/SCANNER_VALIDATION_ROUND_2_PLAN.md	bare-name
InheritanceDepthCollector	Inheritance	docs/internal/generated/modular-architecture/production-cross-owner-imports.tsv	fqcn-string
InheritanceDepthCollector	Inheritance	docs/internal/generated/modular-architecture/production-extension-families.tsv	fqcn-string+path
InheritanceDepthCollector	Inheritance	docs/internal/generated/modular-architecture/production-ownership.tsv	fqcn-string+path
InheritanceDepthCollector	Inheritance	docs/internal/generated/modular-architecture/production-public-imports.tsv	fqcn-string+path
InheritanceDepthCollector	Inheritance	docs/internal/generated/modular-architecture/test-phpunit-discovery.txt	fqcn-string
InheritanceDepthCollector	Inheritance	docs/internal/generated/suppression/composition.tsv	fqcn-string+path
InheritanceDepthCollector	Inheritance	docs/internal/modular-architecture-manifest.json	fqcn-string+path
InheritanceDepthCollector	Inheritance	docs/internal/plans/baseline-compaction/enumeration-identity-r4.md	bare-name
InheritanceDepthCollector	Inheritance	docs/internal/plans/baseline-compaction/enumeration-identity.md	path
InheritanceDepthCollector	Inheritance	docs/internal/plans/baseline-compaction/identity-map.md	bare-name
InheritanceDepthCollector	Inheritance	docs/internal/plans/rule-vocabulary/enumeration-level-authorities-raw.tsv	path
InheritanceDepthCollector	Inheritance	docs/internal/plans/rule-vocabulary/enumeration-step5-file-sets.tsv	path
InheritanceDepthCollector	Inheritance	qmx.yaml	fqcn-string
InheritanceDepthCollector	Inheritance	src/Analysis/Evidence/Design/DitGlobalCollector.php	bare-name
InheritanceDepthCollector	Inheritance	src/Analysis/Evidence/Design/InheritanceDepthCollector.php	bare-name
InheritanceDepthCollector	Inheritance	src/Analysis/Evidence/Design/README.md	docblock
InheritanceDepthCollector	Inheritance	tests/Analysis/Evidence/Design/Unit/InheritanceDepthCollectorTest.php	fqcn-string+import
InheritanceDepthCollector	Inheritance	tests/Analysis/Evidence/Design/Unit/InheritanceDepthUseAliasTest.php	fqcn-string+import
InheritanceDepthCollector	Inheritance	tests/Analysis/Evidence/Measurement/Integration/Identity/ClassProducerOrdinalTest.php	fqcn-string+import+path
InheritanceDepthCollector	Inheritance	tests/Integration/DependencyInjection/ContainerFactoryTest.php	fqcn-string+import
InheritanceDepthVisitor	Inheritance	docs/internal/SCANNER_VALIDATION_ROUND_2_PLAN.md	docblock
InheritanceDepthVisitor	Inheritance	docs/internal/generated/modular-architecture/production-cross-owner-imports.tsv	fqcn-string
InheritanceDepthVisitor	Inheritance	docs/internal/generated/modular-architecture/production-ownership.tsv	fqcn-string+path
InheritanceDepthVisitor	Inheritance	docs/internal/generated/modular-architecture/production-public-imports.tsv	fqcn-string+path
InheritanceDepthVisitor	Inheritance	docs/internal/generated/modular-architecture/production-state-services.tsv	fqcn-string+path
InheritanceDepthVisitor	Inheritance	docs/internal/generated/suppression/composition.tsv	fqcn-string+path
InheritanceDepthVisitor	Inheritance	docs/internal/modular-architecture-manifest.json	fqcn-string+path
InheritanceDepthVisitor	Inheritance	docs/internal/plans/baseline-compaction/enumeration-identity-r4.md	docblock
InheritanceDepthVisitor	Inheritance	docs/internal/plans/baseline-compaction/identity-map.md	bare-name
InheritanceDepthVisitor	Inheritance	qmx.yaml	fqcn-string
InheritanceDepthVisitor	Inheritance	src/Analysis/Evidence/Design/InheritanceDepthCollector.php	bare-name
InheritanceDepthVisitor	Inheritance	src/Analysis/Evidence/Design/InheritanceDepthVisitor.php	bare-name
InheritanceDepthVisitor	Inheritance	src/Analysis/Evidence/Design/README.md	bare-name
InheritanceDepthVisitor	Inheritance	tests/Analysis/Evidence/Design/Unit/InheritanceDepthCollectorTest.php	fqcn-string+import
InheritanceDepthVisitor	Inheritance	tests/Analysis/Evidence/Design/Unit/InheritanceDepthUseAliasTest.php	fqcn-string+import
InheritanceOptions	Inheritance	docs/internal/SCANNER_VALIDATION_ROUND_2_PLAN.md	bare-name
InheritanceOptions	Inheritance	docs/internal/generated/modular-architecture/production-class-string-targets.tsv	fqcn-string
InheritanceOptions	Inheritance	docs/internal/generated/modular-architecture/production-cross-owner-imports.tsv	fqcn-string
InheritanceOptions	Inheritance	docs/internal/generated/modular-architecture/production-ownership.tsv	fqcn-string+path
InheritanceOptions	Inheritance	docs/internal/generated/modular-architecture/production-public-imports.tsv	fqcn-string+path
InheritanceOptions	Inheritance	docs/internal/modular-architecture-manifest.json	fqcn-string+path
InheritanceOptions	Inheritance	docs/internal/plans/modular-architecture/p6/p6-relations-ledger.md	bare-name
InheritanceOptions	Inheritance	docs/internal/plans/rule-vocabulary/enumeration-boundary-contract-implementors.tsv	fqcn-string+path
InheritanceOptions	Inheritance	docs/internal/plans/rule-vocabulary/enumeration-configured-boundary-population.tsv	bare-name
InheritanceOptions	Inheritance	docs/internal/plans/rule-vocabulary/enumeration-rules.tsv	bare-name
InheritanceOptions	Inheritance	docs/internal/plans/rule-vocabulary/enumeration-threshold-decision-shapes.tsv	bare-name
InheritanceOptions	Inheritance	docs/internal/plans/rule-vocabulary/enumeration-threshold-decision-sites.tsv	bare-name
InheritanceOptions	Inheritance	qmx.yaml	fqcn-string
InheritanceOptions	Inheritance	src/Analysis/Evidence/Design/InheritanceOptions.php	bare-name
InheritanceOptions	Inheritance	src/Analysis/Evidence/Design/InheritanceRule.php	docblock
InheritanceOptions	Inheritance	src/Analysis/Evidence/Design/README.md	bare-name
InheritanceOptions	Inheritance	tests/Analysis/Evidence/Design/Unit/InheritanceRuleTest.php	fqcn-string+import
InheritanceRule	Inheritance	docs/internal/SCANNER_VALIDATION_ROUND_2_PLAN.md	docblock
InheritanceRule	Inheritance	docs/internal/generated/modular-architecture/production-class-string-targets.tsv	fqcn-string
InheritanceRule	Inheritance	docs/internal/generated/modular-architecture/production-cross-owner-imports.tsv	fqcn-string
InheritanceRule	Inheritance	docs/internal/generated/modular-architecture/production-extension-families.tsv	fqcn-string+path
InheritanceRule	Inheritance	docs/internal/generated/modular-architecture/production-ownership.tsv	fqcn-string+path
InheritanceRule	Inheritance	docs/internal/generated/modular-architecture/production-public-imports.tsv	fqcn-string+path
InheritanceRule	Inheritance	docs/internal/modular-architecture-manifest.json	fqcn-string+path
InheritanceRule	Inheritance	docs/internal/plans/modular-architecture/p6/p6-relations-ledger.md	bare-name
InheritanceRule	Inheritance	docs/internal/plans/rule-vocabulary/enumeration-channel-shapes.tsv	path
InheritanceRule	Inheritance	docs/internal/plans/rule-vocabulary/enumeration-configured-boundary-population.tsv	bare-name
InheritanceRule	Inheritance	docs/internal/plans/rule-vocabulary/enumeration-level-authorities-raw.tsv	path
InheritanceRule	Inheritance	docs/internal/plans/rule-vocabulary/enumeration-magnitude-levels.tsv	bare-name
InheritanceRule	Inheritance	docs/internal/plans/rule-vocabulary/enumeration-override-consumers.tsv	path
InheritanceRule	Inheritance	docs/internal/plans/rule-vocabulary/enumeration-rule-category.tsv	path
InheritanceRule	Inheritance	docs/internal/plans/rule-vocabulary/enumeration-rules.tsv	bare-name
InheritanceRule	Inheritance	docs/internal/plans/rule-vocabulary/enumeration-shape-consumers.tsv	path
InheritanceRule	Inheritance	docs/internal/plans/rule-vocabulary/enumeration-step5-file-sets.tsv	path
InheritanceRule	Inheritance	docs/internal/plans/rule-vocabulary/enumeration-threshold-decision-sites.tsv	path
InheritanceRule	Inheritance	qmx.yaml	fqcn-string
InheritanceRule	Inheritance	src/Analysis/Evidence/Design/InheritanceOptions.php	bare-name
InheritanceRule	Inheritance	src/Analysis/Evidence/Design/InheritanceRule.php	bare-name
InheritanceRule	Inheritance	src/Analysis/Evidence/Design/README.md	docblock
InheritanceRule	Inheritance	src/Infrastructure/DependencyInjection/Configurator/DesignConfigurator.php	bare-name
InheritanceRule	Inheritance	tests/Analysis/Evidence/Design/Unit/InheritanceRuleTest.php	fqcn-string+import
InheritanceRule	Inheritance	tests/Integration/DependencyInjection/ContainerFactoryTest.php	fqcn-string+import
NocCollector	Inheritance	docs/internal/SCANNER_VALIDATION_ROUND_2_PLAN.md	bare-name
NocCollector	Inheritance	docs/internal/generated/modular-architecture/production-cross-owner-imports.tsv	fqcn-string
NocCollector	Inheritance	docs/internal/generated/modular-architecture/production-extension-families.tsv	fqcn-string+path
NocCollector	Inheritance	docs/internal/generated/modular-architecture/production-ownership.tsv	fqcn-string+path
NocCollector	Inheritance	docs/internal/generated/modular-architecture/production-phase-participants.tsv	path
NocCollector	Inheritance	docs/internal/generated/modular-architecture/production-public-imports.tsv	fqcn-string+path
NocCollector	Inheritance	docs/internal/modular-architecture-manifest.json	fqcn-string+path
NocCollector	Inheritance	docs/internal/plans/global-functions-graph.md	docblock
NocCollector	Inheritance	docs/internal/plans/modular-architecture/p2-dependency-model.md	bare-name
NocCollector	Inheritance	docs/internal/plans/rule-vocabulary/enumeration-level-authorities-raw.tsv	path
NocCollector	Inheritance	docs/internal/plans/rule-vocabulary/enumeration-level-typing.tsv	path
NocCollector	Inheritance	docs/internal/plans/rule-vocabulary/enumeration-step5-file-sets.tsv	path
NocCollector	Inheritance	qmx.yaml	fqcn-string
NocCollector	Inheritance	scripts/generate-modular-architecture-production-inventory.php	path
NocCollector	Inheritance	src/Analysis/Evidence/DependencyModel/DependencyGraphBuilder.php	bare-name
NocCollector	Inheritance	src/Analysis/Evidence/Design/InheritanceDepthCollector.php	bare-name
NocCollector	Inheritance	src/Analysis/Evidence/Design/NocCollector.php	bare-name
NocCollector	Inheritance	src/Analysis/Evidence/Design/README.md	docblock
NocCollector	Inheritance	tests/Analysis/Evidence/Design/Unit/NocCollectorTest.php	fqcn-string+import
NocCollector	Inheritance	tests/Infrastructure/Unit/GlobalCollectorCompilerPassTest.php	fqcn-string+import
NocOptions	Inheritance	docs/internal/SCANNER_VALIDATION_ROUND_2_PLAN.md	bare-name
NocOptions	Inheritance	docs/internal/generated/modular-architecture/production-class-string-targets.tsv	fqcn-string
NocOptions	Inheritance	docs/internal/generated/modular-architecture/production-cross-owner-imports.tsv	fqcn-string
NocOptions	Inheritance	docs/internal/generated/modular-architecture/production-ownership.tsv	fqcn-string+path
NocOptions	Inheritance	docs/internal/generated/modular-architecture/production-public-imports.tsv	fqcn-string+path
NocOptions	Inheritance	docs/internal/modular-architecture-manifest.json	fqcn-string+path
NocOptions	Inheritance	docs/internal/plans/modular-architecture/p6/p6-relations-ledger.md	bare-name
NocOptions	Inheritance	docs/internal/plans/rule-vocabulary/enumeration-boundary-contract-implementors.tsv	fqcn-string+path
NocOptions	Inheritance	docs/internal/plans/rule-vocabulary/enumeration-configured-boundary-population.tsv	bare-name
NocOptions	Inheritance	docs/internal/plans/rule-vocabulary/enumeration-rules.tsv	bare-name
NocOptions	Inheritance	docs/internal/plans/rule-vocabulary/enumeration-threshold-decision-shapes.tsv	bare-name
NocOptions	Inheritance	docs/internal/plans/rule-vocabulary/enumeration-threshold-decision-sites.tsv	bare-name
NocOptions	Inheritance	qmx.yaml	fqcn-string
NocOptions	Inheritance	src/Analysis/Evidence/Design/NocOptions.php	bare-name
NocOptions	Inheritance	src/Analysis/Evidence/Design/NocRule.php	docblock
NocOptions	Inheritance	src/Analysis/Evidence/Design/README.md	bare-name
NocOptions	Inheritance	tests/Analysis/Evidence/Design/Unit/NocRuleTest.php	fqcn-string+import
NocRule	Inheritance	docs/internal/SCANNER_VALIDATION_ROUND_2_PLAN.md	docblock
NocRule	Inheritance	docs/internal/generated/modular-architecture/production-class-string-targets.tsv	fqcn-string
NocRule	Inheritance	docs/internal/generated/modular-architecture/production-cross-owner-imports.tsv	fqcn-string
NocRule	Inheritance	docs/internal/generated/modular-architecture/production-extension-families.tsv	fqcn-string+path
NocRule	Inheritance	docs/internal/generated/modular-architecture/production-ownership.tsv	fqcn-string+path
NocRule	Inheritance	docs/internal/generated/modular-architecture/production-public-imports.tsv	fqcn-string+path
NocRule	Inheritance	docs/internal/modular-architecture-manifest.json	fqcn-string+path
NocRule	Inheritance	docs/internal/plans/modular-architecture/p6/p6-relations-ledger.md	bare-name
NocRule	Inheritance	docs/internal/plans/rule-vocabulary/enumeration-channel-shapes.tsv	path
NocRule	Inheritance	docs/internal/plans/rule-vocabulary/enumeration-configured-boundary-population.tsv	bare-name
NocRule	Inheritance	docs/internal/plans/rule-vocabulary/enumeration-level-authorities-raw.tsv	path
NocRule	Inheritance	docs/internal/plans/rule-vocabulary/enumeration-magnitude-levels.tsv	bare-name
NocRule	Inheritance	docs/internal/plans/rule-vocabulary/enumeration-override-consumers.tsv	path
NocRule	Inheritance	docs/internal/plans/rule-vocabulary/enumeration-rule-category.tsv	path
NocRule	Inheritance	docs/internal/plans/rule-vocabulary/enumeration-rules.tsv	bare-name
NocRule	Inheritance	docs/internal/plans/rule-vocabulary/enumeration-shape-consumers.tsv	path
NocRule	Inheritance	docs/internal/plans/rule-vocabulary/enumeration-step5-file-sets.tsv	path
NocRule	Inheritance	docs/internal/plans/rule-vocabulary/enumeration-threshold-decision-sites.tsv	path
NocRule	Inheritance	qmx.yaml	fqcn-string
NocRule	Inheritance	src/Analysis/Evidence/Design/NocRule.php	bare-name
NocRule	Inheritance	src/Analysis/Evidence/Design/README.md	docblock
NocRule	Inheritance	src/Infrastructure/DependencyInjection/Configurator/DesignConfigurator.php	bare-name
NocRule	Inheritance	tests/Analysis/Evidence/Design/Unit/NocRuleTest.php	fqcn-string+import
NocRule	Inheritance	tests/Integration/DependencyInjection/ContainerFactoryTest.php	fqcn-string+import
ParamTypeCoverageRule	TypeCoverage	docs/internal/generated/modular-architecture/production-class-string-targets.tsv	fqcn-string
ParamTypeCoverageRule	TypeCoverage	docs/internal/generated/modular-architecture/production-cross-owner-imports.tsv	fqcn-string
ParamTypeCoverageRule	TypeCoverage	docs/internal/generated/modular-architecture/production-extension-families.tsv	fqcn-string+path
ParamTypeCoverageRule	TypeCoverage	docs/internal/generated/modular-architecture/production-ownership.tsv	fqcn-string+path
ParamTypeCoverageRule	TypeCoverage	docs/internal/generated/modular-architecture/production-public-imports.tsv	fqcn-string+path
ParamTypeCoverageRule	TypeCoverage	docs/internal/generated/suppression/composition.tsv	fqcn-string+path
ParamTypeCoverageRule	TypeCoverage	docs/internal/modular-architecture-manifest.json	fqcn-string+path
ParamTypeCoverageRule	TypeCoverage	docs/internal/plans/rule-vocabulary/FOLLOWUPS.md	docblock
ParamTypeCoverageRule	TypeCoverage	docs/internal/plans/rule-vocabulary/enumeration-configured-boundary-population.tsv	bare-name
ParamTypeCoverageRule	TypeCoverage	docs/internal/plans/rule-vocabulary/enumeration-rule-category.tsv	path
ParamTypeCoverageRule	TypeCoverage	docs/internal/plans/rule-vocabulary/enumeration-step5-file-sets.tsv	path
ParamTypeCoverageRule	TypeCoverage	docs/internal/plans/rule-vocabulary/enumeration-threshold-decision-sites.tsv	bare-name
ParamTypeCoverageRule	TypeCoverage	qmx.yaml	fqcn-string
ParamTypeCoverageRule	TypeCoverage	src/Analysis/Evidence/Design/ParamTypeCoverageRule.php	bare-name
ParamTypeCoverageRule	TypeCoverage	src/Analysis/Evidence/Design/PropertyTypeCoverageRule.php	docblock
ParamTypeCoverageRule	TypeCoverage	src/Analysis/Evidence/Design/README.md	docblock
ParamTypeCoverageRule	TypeCoverage	src/Analysis/Evidence/Design/ReturnTypeCoverageRule.php	docblock
ParamTypeCoverageRule	TypeCoverage	src/Infrastructure/DependencyInjection/Configurator/DesignConfigurator.php	bare-name
ParamTypeCoverageRule	TypeCoverage	tests/Analysis/Evidence/Design/Unit/TypeCoverageRuleTest.php	docblock+fqcn-string+import
ParamTypeCoverageRule	TypeCoverage	tests/Analysis/Finding/Integration/ChannelCoverageTest.php	fqcn-string+import
ParamTypeCoverageRule	TypeCoverage	tests/Analysis/Finding/Integration/RuleOptionKeyNormalizationTest.php	fqcn-string+import
ParamTypeCoverageRule	TypeCoverage	tests/Analysis/Policy/Inline/Integration/ThresholdAnnotationParserPathTest.php	fqcn-string+import
ParamTypeCoverageRule	TypeCoverage	tests/Analysis/Policy/Inline/Unit/ThresholdOverrideIntegrationTest.php	fqcn-string+import
ParamTypeCoverageRule	TypeCoverage	tests/Integration/DependencyInjection/ContainerFactoryTest.php	fqcn-string+import
PropertyTypeCoverageRule	TypeCoverage	docs/internal/generated/modular-architecture/production-class-string-targets.tsv	fqcn-string
PropertyTypeCoverageRule	TypeCoverage	docs/internal/generated/modular-architecture/production-cross-owner-imports.tsv	fqcn-string
PropertyTypeCoverageRule	TypeCoverage	docs/internal/generated/modular-architecture/production-extension-families.tsv	fqcn-string+path
PropertyTypeCoverageRule	TypeCoverage	docs/internal/generated/modular-architecture/production-ownership.tsv	fqcn-string+path
PropertyTypeCoverageRule	TypeCoverage	docs/internal/generated/modular-architecture/production-public-imports.tsv	fqcn-string+path
PropertyTypeCoverageRule	TypeCoverage	docs/internal/generated/suppression/composition.tsv	fqcn-string+path
PropertyTypeCoverageRule	TypeCoverage	docs/internal/modular-architecture-manifest.json	fqcn-string+path
PropertyTypeCoverageRule	TypeCoverage	docs/internal/plans/rule-vocabulary/enumeration-configured-boundary-population.tsv	bare-name
PropertyTypeCoverageRule	TypeCoverage	docs/internal/plans/rule-vocabulary/enumeration-rule-category.tsv	path
PropertyTypeCoverageRule	TypeCoverage	docs/internal/plans/rule-vocabulary/enumeration-step5-file-sets.tsv	path
PropertyTypeCoverageRule	TypeCoverage	docs/internal/plans/rule-vocabulary/enumeration-threshold-decision-sites.tsv	bare-name
PropertyTypeCoverageRule	TypeCoverage	qmx.yaml	fqcn-string
PropertyTypeCoverageRule	TypeCoverage	src/Analysis/Evidence/Design/PropertyTypeCoverageRule.php	bare-name
PropertyTypeCoverageRule	TypeCoverage	src/Analysis/Evidence/Design/README.md	docblock
PropertyTypeCoverageRule	TypeCoverage	src/Analysis/Evidence/Design/ReturnTypeCoverageRule.php	docblock
PropertyTypeCoverageRule	TypeCoverage	src/Infrastructure/DependencyInjection/Configurator/DesignConfigurator.php	bare-name
PropertyTypeCoverageRule	TypeCoverage	tests/Analysis/Evidence/Design/Unit/TypeCoverageRuleTest.php	fqcn-string+import
PropertyTypeCoverageRule	TypeCoverage	tests/Analysis/Policy/Inline/Unit/ThresholdOverrideIntegrationTest.php	fqcn-string+import
PropertyTypeCoverageRule	TypeCoverage	tests/Integration/DependencyInjection/ContainerFactoryTest.php	fqcn-string+import
ReturnTypeCoverageRule	TypeCoverage	docs/internal/generated/modular-architecture/production-class-string-targets.tsv	fqcn-string
ReturnTypeCoverageRule	TypeCoverage	docs/internal/generated/modular-architecture/production-cross-owner-imports.tsv	fqcn-string
ReturnTypeCoverageRule	TypeCoverage	docs/internal/generated/modular-architecture/production-extension-families.tsv	fqcn-string+path
ReturnTypeCoverageRule	TypeCoverage	docs/internal/generated/modular-architecture/production-ownership.tsv	fqcn-string+path
ReturnTypeCoverageRule	TypeCoverage	docs/internal/generated/modular-architecture/production-public-imports.tsv	fqcn-string+path
ReturnTypeCoverageRule	TypeCoverage	docs/internal/generated/suppression/composition.tsv	fqcn-string+path
ReturnTypeCoverageRule	TypeCoverage	docs/internal/modular-architecture-manifest.json	fqcn-string+path
ReturnTypeCoverageRule	TypeCoverage	docs/internal/plans/rule-vocabulary/enumeration-configured-boundary-population.tsv	bare-name
ReturnTypeCoverageRule	TypeCoverage	docs/internal/plans/rule-vocabulary/enumeration-rule-category.tsv	path
ReturnTypeCoverageRule	TypeCoverage	docs/internal/plans/rule-vocabulary/enumeration-step5-file-sets.tsv	path
ReturnTypeCoverageRule	TypeCoverage	docs/internal/plans/rule-vocabulary/enumeration-threshold-decision-sites.tsv	bare-name
ReturnTypeCoverageRule	TypeCoverage	qmx.yaml	fqcn-string
ReturnTypeCoverageRule	TypeCoverage	src/Analysis/Evidence/Design/PropertyTypeCoverageRule.php	docblock
ReturnTypeCoverageRule	TypeCoverage	src/Analysis/Evidence/Design/README.md	docblock
ReturnTypeCoverageRule	TypeCoverage	src/Analysis/Evidence/Design/ReturnTypeCoverageRule.php	bare-name
ReturnTypeCoverageRule	TypeCoverage	src/Infrastructure/DependencyInjection/Configurator/DesignConfigurator.php	bare-name
ReturnTypeCoverageRule	TypeCoverage	tests/Analysis/Evidence/Design/Unit/TypeCoverageRuleTest.php	fqcn-string+import
ReturnTypeCoverageRule	TypeCoverage	tests/Analysis/Finding/Integration/RuleOptionKeyNormalizationTest.php	fqcn-string+import
ReturnTypeCoverageRule	TypeCoverage	tests/Analysis/Policy/Inline/Unit/ThresholdOverrideIntegrationTest.php	fqcn-string+import
ReturnTypeCoverageRule	TypeCoverage	tests/Integration/DependencyInjection/ContainerFactoryTest.php	fqcn-string+import
TypeCoverageCollector	TypeCoverage	docs/internal/SCANNER_VALIDATION_ROUND_2_PLAN.md	bare-name
TypeCoverageCollector	TypeCoverage	docs/internal/generated/modular-architecture/production-cross-owner-imports.tsv	fqcn-string
TypeCoverageCollector	TypeCoverage	docs/internal/generated/modular-architecture/production-extension-families.tsv	fqcn-string+path
TypeCoverageCollector	TypeCoverage	docs/internal/generated/modular-architecture/production-ownership.tsv	fqcn-string+path
TypeCoverageCollector	TypeCoverage	docs/internal/generated/modular-architecture/production-public-imports.tsv	fqcn-string+path
TypeCoverageCollector	TypeCoverage	docs/internal/generated/modular-architecture/test-phpunit-discovery.txt	fqcn-string
TypeCoverageCollector	TypeCoverage	docs/internal/modular-architecture-manifest.json	fqcn-string+path
TypeCoverageCollector	TypeCoverage	docs/internal/plans/rule-vocabulary/enumeration-level-authorities-raw.tsv	path
TypeCoverageCollector	TypeCoverage	docs/internal/plans/rule-vocabulary/enumeration-step5-file-sets.tsv	path
TypeCoverageCollector	TypeCoverage	qmx.yaml	fqcn-string
TypeCoverageCollector	TypeCoverage	src/Analysis/Evidence/Design/README.md	docblock
TypeCoverageCollector	TypeCoverage	src/Analysis/Evidence/Design/TypeCoverageCollector.php	bare-name
TypeCoverageCollector	TypeCoverage	src/Analysis/Evidence/Design/TypeCoveragePercentCollector.php	bare-name
TypeCoverageCollector	TypeCoverage	tests/Analysis/Evidence/Design/Unit/TypeCoverageCollectorTest.php	fqcn-string+import
TypeCoverageCollector	TypeCoverage	tests/Analysis/Evidence/Design/Unit/TypeCoverageScaleTest.php	fqcn-string+import
TypeCoverageCollector	TypeCoverage	tests/Analysis/Evidence/Measurement/Integration/Identity/ClassProducerOrdinalTest.php	docblock+fqcn-string+import
TypeCoverageOptions	TypeCoverage	docs/adr/0030-one-rule-per-type-coverage-dimension.md	docblock
TypeCoverageOptions	TypeCoverage	docs/adr/0038-an-options-class-names-its-own-warning-boundary.md	docblock
TypeCoverageOptions	TypeCoverage	docs/internal/generated/modular-architecture/production-class-string-targets.tsv	fqcn-string
TypeCoverageOptions	TypeCoverage	docs/internal/generated/modular-architecture/production-cross-owner-imports.tsv	fqcn-string
TypeCoverageOptions	TypeCoverage	docs/internal/generated/modular-architecture/production-ownership.tsv	fqcn-string+path
TypeCoverageOptions	TypeCoverage	docs/internal/generated/modular-architecture/production-public-imports.tsv	fqcn-string+path
TypeCoverageOptions	TypeCoverage	docs/internal/generated/suppression/composition.tsv	path
TypeCoverageOptions	TypeCoverage	docs/internal/modular-architecture-manifest.json	fqcn-string+path
TypeCoverageOptions	TypeCoverage	docs/internal/plans/modular-architecture/p6/p6-relations-ledger.md	bare-name
TypeCoverageOptions	TypeCoverage	docs/internal/plans/rule-vocabulary/P1-configured-boundary.md	docblock
TypeCoverageOptions	TypeCoverage	docs/internal/plans/rule-vocabulary/PLAN.md	docblock
TypeCoverageOptions	TypeCoverage	docs/internal/plans/rule-vocabulary/enumeration-boundary-contract-implementors.tsv	fqcn-string+path
TypeCoverageOptions	TypeCoverage	docs/internal/plans/rule-vocabulary/enumeration-configured-boundary-population.tsv	docblock
TypeCoverageOptions	TypeCoverage	docs/internal/plans/rule-vocabulary/enumeration-rules.tsv	bare-name
TypeCoverageOptions	TypeCoverage	docs/internal/plans/rule-vocabulary/enumeration-split-consumers.tsv	docblock+path
TypeCoverageOptions	TypeCoverage	docs/internal/plans/rule-vocabulary/enumeration-threshold-decision-shapes.tsv	bare-name
TypeCoverageOptions	TypeCoverage	docs/internal/plans/rule-vocabulary/enumeration-threshold-decision-sites.tsv	bare-name
TypeCoverageOptions	TypeCoverage	qmx.yaml	fqcn-string
TypeCoverageOptions	TypeCoverage	src/Analysis/Evidence/Design/AbstractTypeCoverageRule.php	bare-name
TypeCoverageOptions	TypeCoverage	src/Analysis/Evidence/Design/ParamTypeCoverageRule.php	bare-name
TypeCoverageOptions	TypeCoverage	src/Analysis/Evidence/Design/PropertyTypeCoverageRule.php	bare-name
TypeCoverageOptions	TypeCoverage	src/Analysis/Evidence/Design/README.md	docblock
TypeCoverageOptions	TypeCoverage	src/Analysis/Evidence/Design/ReturnTypeCoverageRule.php	bare-name
TypeCoverageOptions	TypeCoverage	src/Analysis/Evidence/Design/TypeCoverageOptions.php	bare-name
TypeCoverageOptions	TypeCoverage	src/Analysis/Finding/RuleConfiguration/RuleThresholdKeyGroupRegistry.php	bare-name
TypeCoverageOptions	TypeCoverage	tests/Analysis/Evidence/Design/Unit/TypeCoverageOptionsTest.php	fqcn-string+import
TypeCoverageOptions	TypeCoverage	tests/Analysis/Evidence/Design/Unit/TypeCoverageRuleTest.php	fqcn-string+import
TypeCoverageOptions	TypeCoverage	tests/Analysis/Finding/Integration/ChannelCoverageTest.php	fqcn-string+import
TypeCoverageOptions	TypeCoverage	tests/Analysis/Finding/Integration/RuleOptionKeyNormalizationTest.php	fqcn-string+import
TypeCoverageOptions	TypeCoverage	tests/Analysis/Finding/Unit/RuleOptionsFactoryTest.php	fqcn-string+import
TypeCoverageOptions	TypeCoverage	tests/Analysis/Policy/Inline/Integration/ThresholdAnnotationParserPathTest.php	fqcn-string+import
TypeCoverageOptions	TypeCoverage	tests/Analysis/Policy/Inline/Unit/ThresholdOverrideIntegrationTest.php	fqcn-string+import
TypeCoveragePercentCollector	TypeCoverage	docs/internal/generated/modular-architecture/production-cross-owner-imports.tsv	fqcn-string
TypeCoveragePercentCollector	TypeCoverage	docs/internal/generated/modular-architecture/production-extension-families.tsv	fqcn-string+path
TypeCoveragePercentCollector	TypeCoverage	docs/internal/generated/modular-architecture/production-ownership.tsv	fqcn-string+path
TypeCoveragePercentCollector	TypeCoverage	docs/internal/generated/modular-architecture/production-phase-participants.tsv	path
TypeCoveragePercentCollector	TypeCoverage	docs/internal/generated/modular-architecture/production-public-imports.tsv	fqcn-string+path
TypeCoveragePercentCollector	TypeCoverage	docs/internal/modular-architecture-manifest.json	fqcn-string+path
TypeCoveragePercentCollector	TypeCoverage	docs/internal/plans/rule-vocabulary/enumeration-level-authorities-raw.tsv	path
TypeCoveragePercentCollector	TypeCoverage	docs/internal/plans/rule-vocabulary/enumeration-step5-file-sets.tsv	path
TypeCoveragePercentCollector	TypeCoverage	qmx.yaml	fqcn-string
TypeCoveragePercentCollector	TypeCoverage	scripts/generate-modular-architecture-production-inventory.php	path
TypeCoveragePercentCollector	TypeCoverage	src/Analysis/Evidence/ComputedMetrics/ComputedMetricDefaults.php	bare-name
TypeCoveragePercentCollector	TypeCoverage	src/Analysis/Evidence/Design/README.md	docblock
TypeCoveragePercentCollector	TypeCoverage	src/Analysis/Evidence/Design/TypeCoveragePercentCollector.php	bare-name
TypeCoveragePercentCollector	TypeCoverage	tests/Analysis/Evidence/Design/Unit/TypeCoveragePercentCollectorTest.php	fqcn-string+import
TypeCoverageVisitor	TypeCoverage	docs/internal/SCANNER_VALIDATION_ROUND_2_PLAN.md	docblock
TypeCoverageVisitor	TypeCoverage	docs/internal/generated/modular-architecture/production-cross-owner-imports.tsv	fqcn-string
TypeCoverageVisitor	TypeCoverage	docs/internal/generated/modular-architecture/production-ownership.tsv	fqcn-string+path
TypeCoverageVisitor	TypeCoverage	docs/internal/generated/modular-architecture/production-public-imports.tsv	fqcn-string+path
TypeCoverageVisitor	TypeCoverage	docs/internal/generated/modular-architecture/production-state-services.tsv	fqcn-string+path
TypeCoverageVisitor	TypeCoverage	docs/internal/modular-architecture-manifest.json	fqcn-string+path
TypeCoverageVisitor	TypeCoverage	docs/internal/plans/baseline-compaction/enumeration-identity-r4.md	docblock
TypeCoverageVisitor	TypeCoverage	docs/internal/plans/baseline-compaction/enumeration-identity.md	path
TypeCoverageVisitor	TypeCoverage	docs/internal/plans/baseline-compaction/identity-map.md	bare-name
TypeCoverageVisitor	TypeCoverage	docs/internal/plans/rule-vocabulary/enumeration-level-literals.tsv	path
TypeCoverageVisitor	TypeCoverage	docs/internal/plans/rule-vocabulary/enumeration-step5-file-sets.tsv	path
TypeCoverageVisitor	TypeCoverage	qmx.yaml	fqcn-string
TypeCoverageVisitor	TypeCoverage	src/Analysis/Evidence/Design/README.md	docblock
TypeCoverageVisitor	TypeCoverage	src/Analysis/Evidence/Design/TypeCoverageCollector.php	bare-name
TypeCoverageVisitor	TypeCoverage	src/Analysis/Evidence/Design/TypeCoverageVisitor.php	bare-name
TypeCoverageVisitor	TypeCoverage	tests/Analysis/Evidence/Design/Unit/TypeCoverageCollectorTest.php	fqcn-string+import
TypeCoverageVisitor	TypeCoverage	tests/Analysis/Evidence/Design/Unit/TypeCoverageScaleTest.php	fqcn-string+import
TypeCoverageVisitor	TypeCoverage	tests/Analysis/Evidence/Measurement/Integration/Identity/ClassProducerOrdinalTest.php	path
TypeCoverageVisitor	TypeCoverage	tests/Analysis/Evidence/Measurement/Unit/AnonymousClassContextRegressionTest.php	fqcn-string+import
