family	implementation	path	di_tag	registration_path
configuration_stage	Qualimetrix\Analysis\Configuration\Pipeline\Stage\CliStage	src/Analysis/Configuration/Pipeline/Stage/CliStage.php	qmx.configuration_stage	"ConfigurationConfigurator -> ConfigurationStageCompilerPass -> ConfigurationPipeline"
configuration_stage	Qualimetrix\Analysis\Configuration\Pipeline\Stage\ComposerDiscoveryStage	src/Analysis/Configuration/Pipeline/Stage/ComposerDiscoveryStage.php	qmx.configuration_stage	"ConfigurationConfigurator -> ConfigurationStageCompilerPass -> ConfigurationPipeline"
configuration_stage	Qualimetrix\Analysis\Configuration\Pipeline\Stage\ConfigFileStage	src/Analysis/Configuration/Pipeline/Stage/ConfigFileStage.php	qmx.configuration_stage	"ConfigurationConfigurator -> ConfigurationStageCompilerPass -> ConfigurationPipeline"
configuration_stage	Qualimetrix\Analysis\Configuration\Pipeline\Stage\DefaultsStage	src/Analysis/Configuration/Pipeline/Stage/DefaultsStage.php	qmx.configuration_stage	"ConfigurationConfigurator -> ConfigurationStageCompilerPass -> ConfigurationPipeline"
configuration_stage	Qualimetrix\Analysis\Configuration\Pipeline\Stage\PresetStage	src/Analysis/Configuration/Pipeline/Stage/PresetStage.php	qmx.configuration_stage	"ConfigurationConfigurator -> ConfigurationStageCompilerPass -> ConfigurationPipeline"
derived_collector	Qualimetrix\Metrics\Design\TypeCoveragePercentCollector	src/Metrics/Design/TypeCoveragePercentCollector.php	qmx.derived_collector	"CollectorConfigurator -> CollectorCompilerPass -> CompositeCollector"
derived_collector	Qualimetrix\Metrics\Maintainability\MaintainabilityIndexCollector	src/Metrics/Maintainability/MaintainabilityIndexCollector.php	qmx.derived_collector	"CollectorConfigurator -> CollectorCompilerPass -> CompositeCollector"
formatter	Qualimetrix\Reporting\Formatter\CheckstyleFormatter	src/Reporting/Formatter/CheckstyleFormatter.php	qmx.formatter	"OutputConfigurator -> FormatterCompilerPass -> FormatterRegistry"
formatter	Qualimetrix\Reporting\Formatter\GitLabCodeQualityFormatter	src/Reporting/Formatter/GitLabCodeQualityFormatter.php	qmx.formatter	"OutputConfigurator -> FormatterCompilerPass -> FormatterRegistry"
formatter	Qualimetrix\Reporting\Formatter\GithubActionsFormatter	src/Reporting/Formatter/GithubActionsFormatter.php	qmx.formatter	"OutputConfigurator -> FormatterCompilerPass -> FormatterRegistry"
formatter	Qualimetrix\Reporting\Formatter\Health\HealthTextFormatter	src/Reporting/Formatter/Health/HealthTextFormatter.php	qmx.formatter	"OutputConfigurator -> FormatterCompilerPass -> FormatterRegistry"
formatter	Qualimetrix\Reporting\Formatter\Html\HtmlFormatter	src/Reporting/Formatter/Html/HtmlFormatter.php	qmx.formatter	"OutputConfigurator -> FormatterCompilerPass -> FormatterRegistry"
formatter	Qualimetrix\Reporting\Formatter\Json\JsonFormatter	src/Reporting/Formatter/Json/JsonFormatter.php	qmx.formatter	"OutputConfigurator -> FormatterCompilerPass -> FormatterRegistry"
formatter	Qualimetrix\Reporting\Formatter\MetricsJsonFormatter	src/Reporting/Formatter/MetricsJsonFormatter.php	qmx.formatter	"OutputConfigurator -> FormatterCompilerPass -> FormatterRegistry"
formatter	Qualimetrix\Reporting\Formatter\Sarif\SarifFormatter	src/Reporting/Formatter/Sarif/SarifFormatter.php	qmx.formatter	"OutputConfigurator -> FormatterCompilerPass -> FormatterRegistry"
formatter	Qualimetrix\Reporting\Formatter\Summary\SummaryFormatter	src/Reporting/Formatter/Summary/SummaryFormatter.php	qmx.formatter	"OutputConfigurator -> FormatterCompilerPass -> FormatterRegistry"
formatter	Qualimetrix\Reporting\Formatter\TextFormatter	src/Reporting/Formatter/TextFormatter.php	qmx.formatter	"OutputConfigurator -> FormatterCompilerPass -> FormatterRegistry"
formatter	Qualimetrix\Reporting\Formatter\TextVerboseFormatter	src/Reporting/Formatter/TextVerboseFormatter.php	qmx.formatter	"OutputConfigurator -> FormatterCompilerPass -> FormatterRegistry"
global_collector	Qualimetrix\Metrics\Coupling\AbstractnessCollector	src/Metrics/Coupling/AbstractnessCollector.php	qmx.global_collector	"CollectorConfigurator -> GlobalCollectorCompilerPass -> GlobalCollectorRunner"
global_collector	Qualimetrix\Metrics\Coupling\ClassRankCollector	src/Metrics/Coupling/ClassRankCollector.php	qmx.global_collector	"CollectorConfigurator -> GlobalCollectorCompilerPass -> GlobalCollectorRunner"
global_collector	Qualimetrix\Metrics\Coupling\CouplingCollector	src/Metrics/Coupling/CouplingCollector.php	qmx.global_collector	"CollectorConfigurator -> GlobalCollectorCompilerPass -> GlobalCollectorRunner"
global_collector	Qualimetrix\Metrics\Coupling\DistanceCollector	src/Metrics/Coupling/DistanceCollector.php	qmx.global_collector	"CollectorConfigurator -> GlobalCollectorCompilerPass -> GlobalCollectorRunner"
global_collector	Qualimetrix\Metrics\Structure\DitGlobalCollector	src/Metrics/Structure/DitGlobalCollector.php	qmx.global_collector	"CollectorConfigurator -> GlobalCollectorCompilerPass -> GlobalCollectorRunner"
global_collector	Qualimetrix\Metrics\Structure\NocCollector	src/Metrics/Structure/NocCollector.php	qmx.global_collector	"CollectorConfigurator -> GlobalCollectorCompilerPass -> GlobalCollectorRunner"
lifecycle_hook	Qualimetrix\Architecture\Processing\ArchitectureLifecycleHook	src/Architecture/Processing/ArchitectureLifecycleHook.php	qmx.analysis.lifecycle_hook	"ArchitectureConfigurator -> tagged iterator -> AnalysisRuntimeConfigurator"
regular_collector	Qualimetrix\Metrics\CodeSmell\CodeSmellCollector	src/Metrics/CodeSmell/CodeSmellCollector.php	qmx.collector	"CollectorConfigurator -> CollectorCompilerPass -> CompositeCollector"
regular_collector	Qualimetrix\Metrics\CodeSmell\ParameterCountCollector	src/Metrics/CodeSmell/ParameterCountCollector.php	qmx.collector	"CollectorConfigurator -> CollectorCompilerPass -> CompositeCollector"
regular_collector	Qualimetrix\Metrics\CodeSmell\RepeatedExpression\IdenticalSubExpressionCollector	src/Metrics/CodeSmell/RepeatedExpression/IdenticalSubExpressionCollector.php	qmx.collector	"CollectorConfigurator -> CollectorCompilerPass -> CompositeCollector"
regular_collector	Qualimetrix\Metrics\CodeSmell\UnreachableCodeCollector	src/Metrics/CodeSmell/UnreachableCodeCollector.php	qmx.collector	"CollectorConfigurator -> CollectorCompilerPass -> CompositeCollector"
regular_collector	Qualimetrix\Metrics\Complexity\CognitiveComplexityCollector	src/Metrics/Complexity/CognitiveComplexityCollector.php	qmx.collector	"CollectorConfigurator -> CollectorCompilerPass -> CompositeCollector"
regular_collector	Qualimetrix\Metrics\Complexity\CyclomaticComplexityCollector	src/Metrics/Complexity/CyclomaticComplexityCollector.php	qmx.collector	"CollectorConfigurator -> CollectorCompilerPass -> CompositeCollector"
regular_collector	Qualimetrix\Metrics\Complexity\NpathComplexityCollector	src/Metrics/Complexity/NpathComplexityCollector.php	qmx.collector	"CollectorConfigurator -> CollectorCompilerPass -> CompositeCollector"
regular_collector	Qualimetrix\Metrics\Design\TypeCoverageCollector	src/Metrics/Design/TypeCoverageCollector.php	qmx.collector	"CollectorConfigurator -> CollectorCompilerPass -> CompositeCollector"
regular_collector	Qualimetrix\Metrics\Halstead\HalsteadCollector	src/Metrics/Halstead/HalsteadCollector.php	qmx.collector	"CollectorConfigurator -> CollectorCompilerPass -> CompositeCollector"
regular_collector	Qualimetrix\Metrics\Security\Credential\HardcodedCredentialsCollector	src/Metrics/Security/Credential/HardcodedCredentialsCollector.php	qmx.collector	"CollectorConfigurator -> CollectorCompilerPass -> CompositeCollector"
regular_collector	Qualimetrix\Metrics\Security\SecurityPatternCollector	src/Metrics/Security/SecurityPatternCollector.php	qmx.collector	"CollectorConfigurator -> CollectorCompilerPass -> CompositeCollector"
regular_collector	Qualimetrix\Metrics\Security\SensitiveParameterCollector	src/Metrics/Security/SensitiveParameterCollector.php	qmx.collector	"CollectorConfigurator -> CollectorCompilerPass -> CompositeCollector"
regular_collector	Qualimetrix\Metrics\Size\ClassCountCollector	src/Metrics/Size/ClassCountCollector.php	qmx.collector	"CollectorConfigurator -> CollectorCompilerPass -> CompositeCollector"
regular_collector	Qualimetrix\Metrics\Size\LocCollector	src/Metrics/Size/LocCollector.php	qmx.collector	"CollectorConfigurator -> CollectorCompilerPass -> CompositeCollector"
regular_collector	Qualimetrix\Metrics\Size\MethodStatementCountCollector	src/Metrics/Size/MethodStatementCountCollector.php	qmx.collector	"CollectorConfigurator -> CollectorCompilerPass -> CompositeCollector"
regular_collector	Qualimetrix\Metrics\Structure\InheritanceDepthCollector	src/Metrics/Structure/InheritanceDepthCollector.php	qmx.collector	"CollectorConfigurator -> CollectorCompilerPass -> CompositeCollector"
regular_collector	Qualimetrix\Metrics\Structure\LcomCollector	src/Metrics/Structure/LcomCollector.php	qmx.collector	"CollectorConfigurator -> CollectorCompilerPass -> CompositeCollector"
regular_collector	Qualimetrix\Metrics\Structure\MethodCountCollector	src/Metrics/Structure/MethodCountCollector.php	qmx.collector	"CollectorConfigurator -> CollectorCompilerPass -> CompositeCollector"
regular_collector	Qualimetrix\Metrics\Structure\RfcCollector	src/Metrics/Structure/RfcCollector.php	qmx.collector	"CollectorConfigurator -> CollectorCompilerPass -> CompositeCollector"
regular_collector	Qualimetrix\Metrics\Structure\TccLccCollector	src/Metrics/Structure/TccLccCollector.php	qmx.collector	"CollectorConfigurator -> CollectorCompilerPass -> CompositeCollector"
regular_collector	Qualimetrix\Metrics\Structure\UnusedPrivateCollector	src/Metrics/Structure/UnusedPrivateCollector.php	qmx.collector	"CollectorConfigurator -> CollectorCompilerPass -> CompositeCollector"
rule	Qualimetrix\Analysis\Evidence\Duplication\CodeDuplicationRule	src/Analysis/Evidence/Duplication/CodeDuplicationRule.php	qmx.rule	"RuleConfigurator + ArchitectureConfigurator -> rule compiler passes"
rule	Qualimetrix\Architecture\Rules\CircularDependencyRule	src/Architecture/Rules/CircularDependencyRule.php	qmx.rule	"RuleConfigurator + ArchitectureConfigurator -> rule compiler passes"
rule	Qualimetrix\Architecture\Rules\LayerViolationRule	src/Architecture/Rules/LayerViolationRule.php	qmx.rule	"RuleConfigurator + ArchitectureConfigurator -> rule compiler passes"
rule	Qualimetrix\Rules\CodeSmell\BooleanArgumentRule	src/Rules/CodeSmell/BooleanArgumentRule.php	qmx.rule	"RuleConfigurator + ArchitectureConfigurator -> rule compiler passes"
rule	Qualimetrix\Rules\CodeSmell\ConstructorOverinjectionRule	src/Rules/CodeSmell/ConstructorOverinjectionRule.php	qmx.rule	"RuleConfigurator + ArchitectureConfigurator -> rule compiler passes"
rule	Qualimetrix\Rules\CodeSmell\CountInLoopRule	src/Rules/CodeSmell/CountInLoopRule.php	qmx.rule	"RuleConfigurator + ArchitectureConfigurator -> rule compiler passes"
rule	Qualimetrix\Rules\CodeSmell\DebugCodeRule	src/Rules/CodeSmell/DebugCodeRule.php	qmx.rule	"RuleConfigurator + ArchitectureConfigurator -> rule compiler passes"
rule	Qualimetrix\Rules\CodeSmell\EmptyCatchRule	src/Rules/CodeSmell/EmptyCatchRule.php	qmx.rule	"RuleConfigurator + ArchitectureConfigurator -> rule compiler passes"
rule	Qualimetrix\Rules\CodeSmell\ErrorSuppressionRule	src/Rules/CodeSmell/ErrorSuppressionRule.php	qmx.rule	"RuleConfigurator + ArchitectureConfigurator -> rule compiler passes"
rule	Qualimetrix\Rules\CodeSmell\EvalRule	src/Rules/CodeSmell/EvalRule.php	qmx.rule	"RuleConfigurator + ArchitectureConfigurator -> rule compiler passes"
rule	Qualimetrix\Rules\CodeSmell\ExitRule	src/Rules/CodeSmell/ExitRule.php	qmx.rule	"RuleConfigurator + ArchitectureConfigurator -> rule compiler passes"
rule	Qualimetrix\Rules\CodeSmell\GotoRule	src/Rules/CodeSmell/GotoRule.php	qmx.rule	"RuleConfigurator + ArchitectureConfigurator -> rule compiler passes"
rule	Qualimetrix\Rules\CodeSmell\IdenticalSubExpressionRule	src/Rules/CodeSmell/IdenticalSubExpressionRule.php	qmx.rule	"RuleConfigurator + ArchitectureConfigurator -> rule compiler passes"
rule	Qualimetrix\Rules\CodeSmell\LongParameterListRule	src/Rules/CodeSmell/LongParameterListRule.php	qmx.rule	"RuleConfigurator + ArchitectureConfigurator -> rule compiler passes"
rule	Qualimetrix\Rules\CodeSmell\SuperglobalsRule	src/Rules/CodeSmell/SuperglobalsRule.php	qmx.rule	"RuleConfigurator + ArchitectureConfigurator -> rule compiler passes"
rule	Qualimetrix\Rules\CodeSmell\UnreachableCodeRule	src/Rules/CodeSmell/UnreachableCodeRule.php	qmx.rule	"RuleConfigurator + ArchitectureConfigurator -> rule compiler passes"
rule	Qualimetrix\Rules\CodeSmell\UnusedPrivateRule	src/Rules/CodeSmell/UnusedPrivateRule.php	qmx.rule	"RuleConfigurator + ArchitectureConfigurator -> rule compiler passes"
rule	Qualimetrix\Rules\Complexity\CognitiveComplexityRule	src/Rules/Complexity/CognitiveComplexityRule.php	qmx.rule	"RuleConfigurator + ArchitectureConfigurator -> rule compiler passes"
rule	Qualimetrix\Rules\Complexity\ComplexityRule	src/Rules/Complexity/ComplexityRule.php	qmx.rule	"RuleConfigurator + ArchitectureConfigurator -> rule compiler passes"
rule	Qualimetrix\Rules\Complexity\NpathComplexityRule	src/Rules/Complexity/NpathComplexityRule.php	qmx.rule	"RuleConfigurator + ArchitectureConfigurator -> rule compiler passes"
rule	Qualimetrix\Rules\ComputedMetric\ComputedMetricRule	src/Rules/ComputedMetric/ComputedMetricRule.php	qmx.rule	"RuleConfigurator + ArchitectureConfigurator -> rule compiler passes"
rule	Qualimetrix\Rules\Coupling\CboRule	src/Rules/Coupling/CboRule.php	qmx.rule	"RuleConfigurator + ArchitectureConfigurator -> rule compiler passes"
rule	Qualimetrix\Rules\Coupling\ClassRankRule	src/Rules/Coupling/ClassRankRule.php	qmx.rule	"RuleConfigurator + ArchitectureConfigurator -> rule compiler passes"
rule	Qualimetrix\Rules\Coupling\DistanceRule	src/Rules/Coupling/DistanceRule.php	qmx.rule	"RuleConfigurator + ArchitectureConfigurator -> rule compiler passes"
rule	Qualimetrix\Rules\Coupling\InstabilityRule	src/Rules/Coupling/InstabilityRule.php	qmx.rule	"RuleConfigurator + ArchitectureConfigurator -> rule compiler passes"
rule	Qualimetrix\Rules\Design\DataClassRule	src/Rules/Design/DataClassRule.php	qmx.rule	"RuleConfigurator + ArchitectureConfigurator -> rule compiler passes"
rule	Qualimetrix\Rules\Design\GodClassRule	src/Rules/Design/GodClassRule.php	qmx.rule	"RuleConfigurator + ArchitectureConfigurator -> rule compiler passes"
rule	Qualimetrix\Rules\Design\TypeCoverageRule	src/Rules/Design/TypeCoverageRule.php	qmx.rule	"RuleConfigurator + ArchitectureConfigurator -> rule compiler passes"
rule	Qualimetrix\Rules\Maintainability\MaintainabilityRule	src/Rules/Maintainability/MaintainabilityRule.php	qmx.rule	"RuleConfigurator + ArchitectureConfigurator -> rule compiler passes"
rule	Qualimetrix\Rules\Security\CommandInjectionRule	src/Rules/Security/CommandInjectionRule.php	qmx.rule	"RuleConfigurator + ArchitectureConfigurator -> rule compiler passes"
rule	Qualimetrix\Rules\Security\HardcodedCredentialsRule	src/Rules/Security/HardcodedCredentialsRule.php	qmx.rule	"RuleConfigurator + ArchitectureConfigurator -> rule compiler passes"
rule	Qualimetrix\Rules\Security\SensitiveParameterRule	src/Rules/Security/SensitiveParameterRule.php	qmx.rule	"RuleConfigurator + ArchitectureConfigurator -> rule compiler passes"
rule	Qualimetrix\Rules\Security\SqlInjectionRule	src/Rules/Security/SqlInjectionRule.php	qmx.rule	"RuleConfigurator + ArchitectureConfigurator -> rule compiler passes"
rule	Qualimetrix\Rules\Security\XssRule	src/Rules/Security/XssRule.php	qmx.rule	"RuleConfigurator + ArchitectureConfigurator -> rule compiler passes"
rule	Qualimetrix\Rules\Size\ClassCountRule	src/Rules/Size/ClassCountRule.php	qmx.rule	"RuleConfigurator + ArchitectureConfigurator -> rule compiler passes"
rule	Qualimetrix\Rules\Size\MethodCountRule	src/Rules/Size/MethodCountRule.php	qmx.rule	"RuleConfigurator + ArchitectureConfigurator -> rule compiler passes"
rule	Qualimetrix\Rules\Size\PropertyCountRule	src/Rules/Size/PropertyCountRule.php	qmx.rule	"RuleConfigurator + ArchitectureConfigurator -> rule compiler passes"
rule	Qualimetrix\Rules\Structure\InheritanceRule	src/Rules/Structure/InheritanceRule.php	qmx.rule	"RuleConfigurator + ArchitectureConfigurator -> rule compiler passes"
rule	Qualimetrix\Rules\Structure\LcomRule	src/Rules/Structure/LcomRule.php	qmx.rule	"RuleConfigurator + ArchitectureConfigurator -> rule compiler passes"
rule	Qualimetrix\Rules\Structure\NocRule	src/Rules/Structure/NocRule.php	qmx.rule	"RuleConfigurator + ArchitectureConfigurator -> rule compiler passes"
rule	Qualimetrix\Rules\Structure\WmcRule	src/Rules/Structure/WmcRule.php	qmx.rule	"RuleConfigurator + ArchitectureConfigurator -> rule compiler passes"
